painting_id,img_src,painting_title,season,episode,num_colors,youtube_src
282,https://www.twoinchbrush.com/images/painting282.png,A_Walk_in_the_Woods,1,1,8,https://www.youtube.com/embed/oh5p5f5_-7A
283,https://www.twoinchbrush.com/images/painting283.png,Mt._McKinley,1,2,8,https://www.youtube.com/embed/RInDWhYceLU
284,https://www.twoinchbrush.com/images/painting284.png,Ebony_Sunset,1,3,9,https://www.youtube.com/embed/UOziR7PoVco
285,https://www.twoinchbrush.com/images/painting285.png,Winter_Mist,1,4,3,https://www.youtube.com/embed/0pwoixRikn4
286,https://www.twoinchbrush.com/images/painting286.png,Quiet_Stream,1,5,8,https://www.youtube.com/embed/DFSIQNjKRfk
287,https://www.twoinchbrush.com/images/painting287.png,Winter_Moon,1,6,4,https://www.youtube.com/embed/loAzRUzx1wI
288,https://www.twoinchbrush.com/images/painting288.png,Autumn_Mountain,1,7,8,https://www.youtube.com/embed/sDdpc8uisD0
289,https://www.twoinchbrush.com/images/painting289.png,Peaceful_Valley,1,8,8,https://www.youtube.com/embed/kQlFwTOkYzg
290,https://www.twoinchbrush.com/images/painting290.png,Seascape,1,9,8,https://www.youtube.com/embed/QxcS7p1VHyQ
291,https://www.twoinchbrush.com/images/painting291.png,Mountain_Lake,1,10,8,https://www.youtube.com/embed/wDnLlywAL5I
292,https://www.twoinchbrush.com/images/painting292.png,Winter_Glow,1,11,8,https://www.youtube.com/embed/Q03YvknOVe0
293,https://www.twoinchbrush.com/images/painting293.png,Snow_Fall,1,12,4,https://www.youtube.com/embed/4E35-8x_y04
294,https://www.twoinchbrush.com/images/painting294.png,Final_Reflections,1,13,8,https://www.youtube.com/embed/IEQWfszfRlA
269,https://www.twoinchbrush.com/images/painting269.png,Meadow_Lake,2,1,12,https://www.youtube.com/embed/GARWowi0QXI
270,https://www.twoinchbrush.com/images/painting270.png,Winter_Sun,2,2,12,https://www.youtube.com/embed/VPfYRj4DDco
271,https://www.twoinchbrush.com/images/painting271.png,Ebony_Sea,2,3,13,https://www.youtube.com/embed/aOJsKNzO3i8
272,https://www.twoinchbrush.com/images/painting272.png,Shades_of_Grey,2,4,3,https://www.youtube.com/embed/I-ousb8-SD0
273,https://www.twoinchbrush.com/images/painting273.png,Autumn_Splendor,2,5,11,https://www.youtube.com/embed/rTTWw5Gd79I
274,https://www.twoinchbrush.com/images/painting274.png,Black_River,2,6,11,https://www.youtube.com/embed/6O4sfJd8G_M
275,https://www.twoinchbrush.com/images/painting275.png,Brown_Mountain,2,7,11,https://www.youtube.com/embed/Vx6v47gHBWM
276,https://www.twoinchbrush.com/images/painting276.png,Reflections,2,8,12,https://www.youtube.com/embed/0FYfo94qefg
277,https://www.twoinchbrush.com/images/painting277.png,Black_and_White_Seascape,2,9,12,https://www.youtube.com/embed/PMDyPrE0puo
278,https://www.twoinchbrush.com/images/painting278.png,Lazy_River,2,10,12,https://www.youtube.com/embed/BW2wKKFvH1g
279,https://www.twoinchbrush.com/images/painting279.png,Black_Waterfall,2,11,12,https://www.youtube.com/embed/GzSqjyQUPZQ
280,https://www.twoinchbrush.com/images/painting280.png,Mountain_Waterfall,2,12,12,https://www.youtube.com/embed/9jIt95PCFAA
281,https://www.twoinchbrush.com/images/painting281.png,Final_Grace,2,13,12,https://www.youtube.com/embed/miJ19Kz_i3Y
256,https://www.twoinchbrush.com/images/painting256.png,Mountain_Retreat,3,1,12,https://www.youtube.com/embed/hoimk4s8JoQ
257,https://www.twoinchbrush.com/images/painting257.png,Blue_Moon,3,2,12,https://www.youtube.com/embed/loit61vLUMc
258,https://www.twoinchbrush.com/images/painting258.png,Bubbling_Stream,3,3,12,https://www.youtube.com/embed/fuFalEXVN0k
259,https://www.twoinchbrush.com/images/painting259.png,Winter_Night,3,4,7,https://www.youtube.com/embed/8ysFkNYwhAE
260,https://www.twoinchbrush.com/images/painting260.png,Distant_Hills,3,5,7,https://www.youtube.com/embed/8Zge88tVwjE
261,https://www.twoinchbrush.com/images/painting261.png,Covered_Bridge,3,6,10,https://www.youtube.com/embed/OHSm8kLE7js
262,https://www.twoinchbrush.com/images/painting262.png,Quiet_Inlet,3,7,10,https://www.youtube.com/embed/9N5IWKzYIyU
263,https://www.twoinchbrush.com/images/painting263.png,Night_Light,3,8,9,https://www.youtube.com/embed/l141Y0x8om0
264,https://www.twoinchbrush.com/images/painting264.png,The_Old_Mill,3,9,10,https://www.youtube.com/embed/OFKFUJ9eDNs
265,https://www.twoinchbrush.com/images/painting265.png,Campfire,3,10,8,https://www.youtube.com/embed/L5bXkI0-pEg
266,https://www.twoinchbrush.com/images/painting266.png,Rustic_Barn,3,11,12,https://www.youtube.com/embed/WJJwrnFhUUg
267,https://www.twoinchbrush.com/images/painting267.png,Hidden_Lake,3,12,10,https://www.youtube.com/embed/P_DaqkFbnac
268,https://www.twoinchbrush.com/images/painting268.png,Peaceful_Waters,3,13,9,https://www.youtube.com/embed/Z0vtjRLqXcQ
243,https://www.twoinchbrush.com/images/painting243.png,Purple_Splendor,4,1,4,https://www.youtube.com/embed/hP4GfMgsNVE
244,https://www.twoinchbrush.com/images/painting244.png,Tranquil_Valley,4,2,10,https://www.youtube.com/embed/PbchoOWWCZs
245,https://www.twoinchbrush.com/images/painting245.png,Majestic_Mountains,4,3,12,https://www.youtube.com/embed/NcVeRlPu_5w
246,https://www.twoinchbrush.com/images/painting246.png,Winter_Sawscape,4,4,7,https://www.youtube.com/embed/lmKAwKrONmE
247,https://www.twoinchbrush.com/images/painting247.png,Evening_Seascape,4,5,10,https://www.youtube.com/embed/y5k4GXw_-yI
248,https://www.twoinchbrush.com/images/painting248.png,Warm_Summer_Day,4,6,11,https://www.youtube.com/embed/GBN9AIw3Ao4
249,https://www.twoinchbrush.com/images/painting249.png,Cabin_in_the_Woods,4,7,11,https://www.youtube.com/embed/81QKellPA70
250,https://www.twoinchbrush.com/images/painting250.png,Wetlands,4,8,10,https://www.youtube.com/embed/2FpVyGanPwM
251,https://www.twoinchbrush.com/images/painting251.png,Cool_Waters,4,9,12,https://www.youtube.com/embed/tJRvBcqQd5A
252,https://www.twoinchbrush.com/images/painting252.png,Quiet_Woods,4,10,11,https://www.youtube.com/embed/wIZX57I4aDs
253,https://www.twoinchbrush.com/images/painting253.png,Northwest_Majesty,4,11,10,https://www.youtube.com/embed/9DU6bunvD_g
254,https://www.twoinchbrush.com/images/painting254.png,Autumn_Days,4,12,12,https://www.youtube.com/embed/VAdMkf-AAPM
255,https://www.twoinchbrush.com/images/painting255.png,Mountain_Challenge,4,13,10,https://www.youtube.com/embed/o2cjLA_wgIk
230,https://www.twoinchbrush.com/images/painting230.png,Mountain_Waterfall,5,1,11,https://www.youtube.com/embed/DqhzxdkdQS0
231,https://www.twoinchbrush.com/images/painting231.png,Twilight_Meadow,5,2,12,https://www.youtube.com/embed/6evqNlOO7Bw
232,https://www.twoinchbrush.com/images/painting232.png,Mountain_Blossoms,5,3,5,https://www.youtube.com/embed/UVhhStJAJZc
233,https://www.twoinchbrush.com/images/painting233.png,Winter_Stillness,5,4,7,https://www.youtube.com/embed/qg9c1SqdRko
234,https://www.twoinchbrush.com/images/painting234.png,Quiet_Pond,5,5,10,https://www.youtube.com/embed/aiK9xOIJtV8
235,https://www.twoinchbrush.com/images/painting235.png,Ocean_Sunrise,5,6,6,https://www.youtube.com/embed/u0Bz6TNUK1Q
236,https://www.twoinchbrush.com/images/painting236.png,Bubbling_Brook,5,7,10,https://www.youtube.com/embed/LiKCzeqn-kg
237,https://www.twoinchbrush.com/images/painting237.png,Arizona_Splendor,5,8,9,https://www.youtube.com/embed/spFwCh2616s
238,https://www.twoinchbrush.com/images/painting238.png,Anatomy_of_a_Wave,5,9,6,https://www.youtube.com/embed/DFQlu6eqrBo
239,https://www.twoinchbrush.com/images/painting239.png,The_Windmill,5,10,11,https://www.youtube.com/embed/xj8xsTSkbUk
240,https://www.twoinchbrush.com/images/painting240.png,Autumn_Glory,5,11,8,https://www.youtube.com/embed/yTzlm_t0RmY
241,https://www.twoinchbrush.com/images/painting241.png,Indian_Girl,5,12,5,https://www.youtube.com/embed/2uXMx8Kjs8I
242,https://www.twoinchbrush.com/images/painting242.png,Meadow_Stream,5,13,11,https://www.youtube.com/embed/87MMbN1bQCs
217,https://www.twoinchbrush.com/images/painting217.png,Blue_River,6,1,12,https://www.youtube.com/embed/LygUyAb78oY
218,https://www.twoinchbrush.com/images/painting218.png,Nature's_Edge,6,2,11,https://www.youtube.com/embed/Bcqyzo85A1o
219,https://www.twoinchbrush.com/images/painting219.png,Morning_Mist,6,3,10,https://www.youtube.com/embed/wbZreRaE74k
220,https://www.twoinchbrush.com/images/painting220.png,Whispering_Stream,6,4,11,https://www.youtube.com/embed/QglIjlqsUdU
221,https://www.twoinchbrush.com/images/painting221.png,Secluded_Forest,6,5,12,https://www.youtube.com/embed/USkduOfwJok
222,https://www.twoinchbrush.com/images/painting222.png,Snow_Trail,6,6,8,https://www.youtube.com/embed/n9EsFFtwZnE
223,https://www.twoinchbrush.com/images/painting223.png,Arctic_Beauty,6,7,11,https://www.youtube.com/embed/UQ-RTZCOQn0
224,https://www.twoinchbrush.com/images/painting224.png,Horizons_West,6,8,7,https://www.youtube.com/embed/m6UM-rN2D6s
225,https://www.twoinchbrush.com/images/painting225.png,High_Chateau,6,9,11,https://www.youtube.com/embed/dafH8ks9Zww
226,https://www.twoinchbrush.com/images/painting226.png,Country_Life,6,10,10,https://www.youtube.com/embed/j8Jf7QVKLgQ
227,https://www.twoinchbrush.com/images/painting227.png,Western_Expanse,6,11,11,https://www.youtube.com/embed/MTInkV5ODjk
228,https://www.twoinchbrush.com/images/painting228.png,Marshlands,6,12,11,https://www.youtube.com/embed/Ugiwi8uizpg
229,https://www.twoinchbrush.com/images/painting229.png,Blaze_of_Color,6,13,11,https://www.youtube.com/embed/se7wOprxRGs
203,https://www.twoinchbrush.com/images/painting203.png,Winter_Cabin,7,1,6,https://www.youtube.com/embed/kdlHV6ceI_gw
204,https://www.twoinchbrush.com/images/painting204.png,Secluded_Lake,7,2,12,https://www.youtube.com/embed/2OxSJcFvpoU
205,https://www.twoinchbrush.com/images/painting205.png,Evergreens_at_Sunset,7,3,7,https://www.youtube.com/embed/YQPEy3hYGo8
206,https://www.twoinchbrush.com/images/painting206.png,Mountain_Cabin,7,4,12,https://www.youtube.com/embed/E3IAMvO8GyM
208,https://www.twoinchbrush.com/images/painting208.png,Portrait_of_Sally,7,5,8,https://www.youtube.com/embed/MHJB0IBnuD4
209,https://www.twoinchbrush.com/images/painting209.png,Misty_Waterfall,7,6,11,https://www.youtube.com/embed/530_cVmexiI
210,https://www.twoinchbrush.com/images/painting210.png,Barn_at_Sunset,7,7,10,https://www.youtube.com/embed/WT6n0K2zGnA
211,https://www.twoinchbrush.com/images/painting211.png,Mountain_Splendor,7,8,11,https://www.youtube.com/embed/GhOGZMpPUSE
212,https://www.twoinchbrush.com/images/painting212.png,Lake_by_Mountain,7,9,11,https://www.youtube.com/embed/yAiYirlcq7o
213,https://www.twoinchbrush.com/images/painting213.png,Mountain_Glory,7,10,11,https://www.youtube.com/embed/0M9pwLHRR2c
214,https://www.twoinchbrush.com/images/painting214.png,Grey_Winter,7,11,3,https://www.youtube.com/embed/sS-hNYgDUak
215,https://www.twoinchbrush.com/images/painting215.png,Dock_Scene,7,12,9,https://www.youtube.com/embed/4KYxkqlzyqM
216,https://www.twoinchbrush.com/images/painting216.png,Dark_Waterfall,7,13,11,https://www.youtube.com/embed/VqMbL00eZqw
190,https://www.twoinchbrush.com/images/painting190.png,Misty_Rolling_Hills,8,1,10,https://www.youtube.com/embed/cC5ozePVKGI
191,https://www.twoinchbrush.com/images/painting191.png,Lakeside_Cabin,8,2,12,https://www.youtube.com/embed/CP6_5cQVZvQ
192,https://www.twoinchbrush.com/images/painting192.png,Warm_Winter_Day,8,3,10,https://www.youtube.com/embed/mUJoNLWQ1yI
193,https://www.twoinchbrush.com/images/painting193.png,Waterside_Way,8,4,11,https://www.youtube.com/embed/uj5FE70BcB0
194,https://www.twoinchbrush.com/images/painting194.png,Hunter's_Haven,8,5,11,https://www.youtube.com/embed/Da4SPyh1ATM
195,https://www.twoinchbrush.com/images/painting195.png,Bubbling_Mountain_Brook,8,6,11,https://www.youtube.com/embed/U2_SKgM3f4A
196,https://www.twoinchbrush.com/images/painting196.png,Winter_Hideaway,8,7,10,https://www.youtube.com/embed/19oz9XHZNzA
197,https://www.twoinchbrush.com/images/painting197.png,Foot_of_the_Mountain,8,8,13,https://www.youtube.com/embed/cIUBUc_ITBc
198,https://www.twoinchbrush.com/images/painting198.png,Majestic_Pine,8,9,11,https://www.youtube.com/embed/x5CoQj9zr-c
199,https://www.twoinchbrush.com/images/painting199.png,Cactus_at_Sunset,8,10,10,https://www.youtube.com/embed/XBqD3QhKU24
200,https://www.twoinchbrush.com/images/painting200.png,Mountain_Range,8,11,10,https://www.youtube.com/embed/V_l6olF3yHI
201,https://www.twoinchbrush.com/images/painting201.png,Lonely_Retreat,8,12,10,https://www.youtube.com/embed/qTDQt_PdlYc
202,https://www.twoinchbrush.com/images/painting202.png,Northern_Lights,8,13,9,https://www.youtube.com/embed/vgbMONXc9Cs
177,https://www.twoinchbrush.com/images/painting177.png,Winter_Evergreens,9,1,9,https://www.youtube.com/embed/O6L5YPt9CeU
178,https://www.twoinchbrush.com/images/painting178.png,Surf's_Up,9,2,11,https://www.youtube.com/embed/ZKxFvyyOBPQ
179,https://www.twoinchbrush.com/images/painting179.png,Red_Sunset,9,3,11,https://www.youtube.com/embed/e5JhYi_G-l0
180,https://www.twoinchbrush.com/images/painting180.png,Meadow_Road,9,4,11,https://www.youtube.com/embed/u5VT_WGM0kg
181,https://www.twoinchbrush.com/images/painting181.png,Winter_Oval,9,5,7,https://www.youtube.com/embed/pYWiLm_-sXw
182,https://www.twoinchbrush.com/images/painting182.png,Secluded_Beach,9,6,11,https://www.youtube.com/embed/WGUcw_kFvzU
183,https://www.twoinchbrush.com/images/painting183.png,Forest_Hills,9,7,11,https://www.youtube.com/embed/E3XW_Zp238U
184,https://www.twoinchbrush.com/images/painting184.png,Little_House_by_the_Road,9,8,11,https://www.youtube.com/embed/3CDg_9gL-5M
185,https://www.twoinchbrush.com/images/painting185.png,Mountain_Path,9,9,11,https://www.youtube.com/embed/e0VUprkc1n0
186,https://www.twoinchbrush.com/images/painting186.png,Country_Charm,9,10,11,https://www.youtube.com/embed/9wp8NRzCJnw
187,https://www.twoinchbrush.com/images/painting187.png,Nature's_Paradise,9,11,11,https://www.youtube.com/embed/7yU55PUls2c
188,https://www.twoinchbrush.com/images/painting188.png,Mountain_by_the_Sea,9,12,13,https://www.youtube.com/embed/so--opB-yuQ
189,https://www.twoinchbrush.com/images/painting189.png,Mountain_Hideaway,9,13,12,https://www.youtube.com/embed/q48EWPrbzVs
163,https://www.twoinchbrush.com/images/painting163.png,Towering_Peaks,10,1,13,https://www.youtube.com/embed/1s58rW0_LN4
164,https://www.twoinchbrush.com/images/painting164.png,Cabin_at_Sunset,10,2,12,https://www.youtube.com/embed/a6Wil3OXNuI
165,https://www.twoinchbrush.com/images/painting165.png,Twin_Falls,10,3,12,https://www.youtube.com/embed/cMwkY8ojRik
166,https://www.twoinchbrush.com/images/painting166.png,Secluded_Bridge,10,4,12,https://www.youtube.com/embed/vrAMRxBB5KI
167,https://www.twoinchbrush.com/images/painting167.png,Ocean_Breeze,10,5,12,https://www.youtube.com/embed/XZmdzfvXRuw
168,https://www.twoinchbrush.com/images/painting168.png,Autumn_Woods,10,6,12,https://www.youtube.com/embed/vKyMU5Z8cDI
170,https://www.twoinchbrush.com/images/painting170.png,Winter_Solitude,10,7,7,https://www.youtube.com/embed/ov4YaCQB9co
171,https://www.twoinchbrush.com/images/painting171.png,Golden_Sunset,10,8,12,https://www.youtube.com/embed/CiNDyckERXQ
172,https://www.twoinchbrush.com/images/painting172.png,Mountain_Oval,10,9,11,https://www.youtube.com/embed/Qj6lMtnCt8o
173,https://www.twoinchbrush.com/images/painting173.png,Ocean_Sunset,10,10,12,https://www.youtube.com/embed/OJ_xqtvZf3o
174,https://www.twoinchbrush.com/images/painting174.png,Triple_View,10,11,12,https://www.youtube.com/embed/zoTeyliLn5o
175,https://www.twoinchbrush.com/images/painting175.png,Winter_Frost,10,12,9,https://www.youtube.com/embed/8satX-hLkuI
176,https://www.twoinchbrush.com/images/painting176.png,Lakeside_Cabin,10,13,12,https://www.youtube.com/embed/1l_TsfCIb_I
150,https://www.twoinchbrush.com/images/painting150.png,Mountain_Stream,11,1,12,https://www.youtube.com/embed/xdFCj6BzQio
151,https://www.twoinchbrush.com/images/painting151.png,Country_Cabin,11,2,7,https://www.youtube.com/embed/Dkww2nHpuZw
152,https://www.twoinchbrush.com/images/painting152.png,Daisy_Delight,11,3,10,https://www.youtube.com/embed/HuHC1RqtvDA
153,https://www.twoinchbrush.com/images/painting153.png,Hidden_Stream,11,4,12,https://www.youtube.com/embed/JGzTg8fCj4w
154,https://www.twoinchbrush.com/images/painting154.png,Towering_Glacier,11,5,12,https://www.youtube.com/embed/67vdGbA3Xkg
155,https://www.twoinchbrush.com/images/painting155.png,Oval_Barn,11,6,6,https://www.youtube.com/embed/HqBhCibidNM
156,https://www.twoinchbrush.com/images/painting156.png,Lakeside_Path,11,7,12,https://www.youtube.com/embed/1yjGoJokbZg
157,https://www.twoinchbrush.com/images/painting157.png,Sunset_Oval,11,8,11,https://www.youtube.com/embed/9xG6IzcGotI
158,https://www.twoinchbrush.com/images/painting158.png,Winter_Barn,11,9,6,https://www.youtube.com/embed/_xkn0ceDreo
159,https://www.twoinchbrush.com/images/painting159.png,Sunset_over_the_Waves,11,10,10,https://www.youtube.com/embed/c4b_B2F1eZg
160,https://www.twoinchbrush.com/images/painting160.png,Golden_Glow,11,11,8,https://www.youtube.com/embed/aA8RhtaWACA
161,https://www.twoinchbrush.com/images/painting161.png,Roadside_Barn,11,12,11,https://www.youtube.com/embed/vJpKhiXvXdA
162,https://www.twoinchbrush.com/images/painting162.png,Happy_Accident,11,13,11,https://www.youtube.com/embed/Fw6odlNp7_8
137,https://www.twoinchbrush.com/images/painting137.png,Golden_Knoll,12,1,7,https://www.youtube.com/embed/-O0Bs65eN5w
138,https://www.twoinchbrush.com/images/painting138.png,Mountain_Reflections,12,2,12,https://www.youtube.com/embed/rzYpa4XGSnA
139,https://www.twoinchbrush.com/images/painting139.png,Secluded_Mountain,12,3,13,https://www.youtube.com/embed/3PZabdohLso
140,https://www.twoinchbrush.com/images/painting140.png,Bright_Autumn_Trees,12,4,13,https://www.youtube.com/embed/aR-C3h5zURM
141,https://www.twoinchbrush.com/images/painting141.png,Black_Seascape,12,5,9,https://www.youtube.com/embed/P_aCan4cBwc
142,https://www.twoinchbrush.com/images/painting142.png,Steep_Mountains,12,6,12,https://www.youtube.com/embed/fRK8_ioYWw4
143,https://www.twoinchbrush.com/images/painting143.png,Quiet_Mountains_River,12,7,12,https://www.youtube.com/embed/Leiw-FtADZc
144,https://www.twoinchbrush.com/images/painting144.png,Evening_Waterfall,12,8,11,https://www.youtube.com/embed/PutvF_P4588
145,https://www.twoinchbrush.com/images/painting145.png,Tropical_Seascape,12,9,12,https://www.youtube.com/embed/RrBsbqO9aqI
146,https://www.twoinchbrush.com/images/painting146.png,Mountain_at_Sunset,12,10,13,https://www.youtube.com/embed/HCsCatvigtw
147,https://www.twoinchbrush.com/images/painting147.png,Soft_Mountain_Glow,12,11,12,https://www.youtube.com/embed/gOGJYHWjXgE
148,https://www.twoinchbrush.com/images/painting148.png,Mountain_in_an_Oval,12,12,11,https://www.youtube.com/embed/1jRPshs27H8
149,https://www.twoinchbrush.com/images/painting149.png,Winter_Mountain,12,13,7,https://www.youtube.com/embed/46vI20697HI
124,https://www.twoinchbrush.com/images/painting124.png,Rolling_Hills,13,1,12,https://www.youtube.com/embed/H4GyGrT7lEQ
125,https://www.twoinchbrush.com/images/painting125.png,Frozen_Solitude,13,2,5,https://www.youtube.com/embed/kNZssD9zWlw
126,https://www.twoinchbrush.com/images/painting126.png,Meadow_Brook,13,3,13,https://www.youtube.com/embed/06W8GsWj2Yg
127,https://www.twoinchbrush.com/images/painting127.png,Evening_at_Sunset,13,4,12,https://www.youtube.com/embed/7ZUQTXuDPaI
128,https://www.twoinchbrush.com/images/painting128.png,Mountain_View,13,5,11,https://www.youtube.com/embed/dJfnAyDLwPY
129,https://www.twoinchbrush.com/images/painting129.png,Hidden_Creek,13,6,10,https://www.youtube.com/embed/KmoRz01bm0Y
130,https://www.twoinchbrush.com/images/painting130.png,Peaceful_Haven,13,7,13,https://www.youtube.com/embed/j20pZ96E_CE
131,https://www.twoinchbrush.com/images/painting131.png,Mountain_Exhibition,13,8,10,https://www.youtube.com/embed/bgI3_1quJ18
132,https://www.twoinchbrush.com/images/painting132.png,Emerald_Waters,13,9,9,https://www.youtube.com/embed/lLunPQBzW6g
133,https://www.twoinchbrush.com/images/painting133.png,Mountain_Summit,13,10,12,https://www.youtube.com/embed/kasGRkfkiPM
134,https://www.twoinchbrush.com/images/painting134.png,Cabin_Hideaway,13,11,10,https://www.youtube.com/embed/NjTlW2NL1Lo
135,https://www.twoinchbrush.com/images/painting135.png,Oval_Essence,13,12,8,https://www.youtube.com/embed/q7WXF_BSEXw
136,https://www.twoinchbrush.com/images/painting136.png,Lost_Lake,13,13,12,https://www.youtube.com/embed/9-ATP8xyDM0
111,https://www.twoinchbrush.com/images/painting111.png,Distant_Mountains,14,1,13,https://www.youtube.com/embed/GpA9UM7QGag
112,https://www.twoinchbrush.com/images/painting112.png,Meadow_Brook_Surprise,14,2,12,https://www.youtube.com/embed/Ov5oIHTAa10
113,https://www.twoinchbrush.com/images/painting113.png,Mountain_Moonlight_Oval,14,3,12,https://www.youtube.com/embed/CigXQtT6BPM
114,https://www.twoinchbrush.com/images/painting114.png,Snowy_Solitude,14,4,7,https://www.youtube.com/embed/1ZriQGhSFTM
115,https://www.twoinchbrush.com/images/painting115.png,Mountain_River,14,5,13,https://www.youtube.com/embed/CnMLKAGi0yM
116,https://www.twoinchbrush.com/images/painting116.png,Graceful_Mountains,14,6,12,https://www.youtube.com/embed/0uVe8T-vVVg
117,https://www.twoinchbrush.com/images/painting117.png,Windy_Waves,14,7,14,https://www.youtube.com/embed/y6GVVjG4HMg
118,https://www.twoinchbrush.com/images/painting118.png,On_a_Clear_Day,14,8,11,https://www.youtube.com/embed/e63Cgln6Yag
119,https://www.twoinchbrush.com/images/painting119.png,Riverside_Escape_Oval,14,9,13,https://www.youtube.com/embed/d83REwSGfGo
120,https://www.twoinchbrush.com/images/painting120.png,Surprising_Falls,14,10,13,https://www.youtube.com/embed/QbclL1ca7_s
121,https://www.twoinchbrush.com/images/painting121.png,Shadow_Pond,14,11,13,https://www.youtube.com/embed/BQWJ3kqonpA
122,https://www.twoinchbrush.com/images/painting122.png,Misty_Forest_Oval,14,12,12,https://www.youtube.com/embed/ddU9vQvSpw8
123,https://www.twoinchbrush.com/images/painting123.png,Natural_Wonder,14,13,11,https://www.youtube.com/embed/knOutsaiKfU
98,https://www.twoinchbrush.com/images/painting98.png,Splendor_of_Winter,15,1,10,https://www.youtube.com/embed/oJvk7gPDHiE
99,https://www.twoinchbrush.com/images/painting99.png,Colors_of_Nature,15,2,12,https://www.youtube.com/embed/Me9Ietooq4w
100,https://www.twoinchbrush.com/images/painting100.png,Grandpa's_Barn,15,3,11,https://www.youtube.com/embed/IPPU49PyfEA
101,https://www.twoinchbrush.com/images/painting101.png,Peaceful_Reflections,15,4,13,https://www.youtube.com/embed/gYuH4Ilqdhs
102,https://www.twoinchbrush.com/images/painting102.png,Hidden_Winter_Moon_Oval,15,5,8,https://www.youtube.com/embed/yxAMOdl6RJE
103,https://www.twoinchbrush.com/images/painting103.png,Waves_of_Wonder,15,6,12,https://www.youtube.com/embed/tayQX_ng-Nc
104,https://www.twoinchbrush.com/images/painting104.png,Cabin_by_the_Pond,15,7,12,https://www.youtube.com/embed/TyOO6WeP2AY
105,https://www.twoinchbrush.com/images/painting105.png,Fall_Stream,15,8,12,https://www.youtube.com/embed/ZY0ofhdV_L0
106,https://www.twoinchbrush.com/images/painting106.png,Christmas_Eve_Snow,15,9,9,https://www.youtube.com/embed/cVqFG2pxK2A
107,https://www.twoinchbrush.com/images/painting107.png,Forest_Down_Oval,15,10,12,https://www.youtube.com/embed/COsJUfPN2dA
108,https://www.twoinchbrush.com/images/painting108.png,Pathway_to_Autumn,15,11,12,https://www.youtube.com/embed/Hg5RKc6xiL4
109,https://www.twoinchbrush.com/images/painting109.png,Deep_Forest_Lake,15,12,13,https://www.youtube.com/embed/2bjFmSQjQrw
110,https://www.twoinchbrush.com/images/painting110.png,Peaks_of_Majesty,15,13,11,https://www.youtube.com/embed/lTb8DN6G6dE
84,https://www.twoinchbrush.com/images/painting84.png,Two_Seasons,16,1,13,https://www.youtube.com/embed/jwVz0uTLH1I
85,https://www.twoinchbrush.com/images/painting85.png,Nestled_Cabin,16,2,12,https://www.youtube.com/embed/l_jN9KN257M
86,https://www.twoinchbrush.com/images/painting86.png,Wintertime_Discovery,16,3,11,https://www.youtube.com/embed/uZyZW3tkCE0
87,https://www.twoinchbrush.com/images/painting87.png,Mountain_Mirage_Wood_Shape,16,4,12,https://www.youtube.com/embed/jfCsew_mz7A
88,https://www.twoinchbrush.com/images/painting88.png,Double_Oval_Fantasy,16,5,13,https://www.youtube.com/embed/4jAsLpJzjHM
89,https://www.twoinchbrush.com/images/painting89.png,Contemplative_Lady,16,6,1,https://www.youtube.com/embed/gnp6WE7Ql-s
90,https://www.twoinchbrush.com/images/painting90.png,Deep_Woods,16,7,10,https://www.youtube.com/embed/rE5ZVs_YJfE
91,https://www.twoinchbrush.com/images/painting91.png,High_Tide,16,8,12,https://www.youtube.com/embed/_IREQ4SIcX8
93,https://www.twoinchbrush.com/images/painting93.png,Barn_in_Snow_Oval,16,9,7,https://www.youtube.com/embed/wJmi7-G9r-w
94,https://www.twoinchbrush.com/images/painting94.png,That_Time_of_Year,16,10,9,https://www.youtube.com/embed/q5moLoqOkP0
95,https://www.twoinchbrush.com/images/painting95.png,Waterfall_Wonder,16,11,11,https://www.youtube.com/embed/AGhXEPfp-W4
96,https://www.twoinchbrush.com/images/painting96.png,Mighty_Mountain_Lake,16,12,11,https://www.youtube.com/embed/4vXB2R8ybDE
97,https://www.twoinchbrush.com/images/painting97.png,Wooded_Stream_Oval,16,13,12,https://www.youtube.com/embed/-XA2h17y3HU
71,https://www.twoinchbrush.com/images/painting71.png,Golden_Mist_Oval,17,1,9,https://www.youtube.com/embed/lhpfaW0k6uM
72,https://www.twoinchbrush.com/images/painting72.png,The_Old_Home_Place,17,2,11,https://www.youtube.com/embed/EVQcDEiJh2o
73,https://www.twoinchbrush.com/images/painting73.png,Soothing_Vista,17,3,13,https://www.youtube.com/embed/NqfRLiv0SZ0
74,https://www.twoinchbrush.com/images/painting74.png,Stormy_Seas,17,4,9,https://www.youtube.com/embed/LE6agCR5iBw
75,https://www.twoinchbrush.com/images/painting75.png,Country_Time,17,5,13,https://www.youtube.com/embed/e_bt9rQoGN0
76,https://www.twoinchbrush.com/images/painting76.png,A_Mild_Winter's_Day,17,6,10,https://www.youtube.com/embed/BbYO579MmhA
77,https://www.twoinchbrush.com/images/painting77.png,Spectacular_Waterfall,17,7,15,https://www.youtube.com/embed/nK-HebXL2uw
78,https://www.twoinchbrush.com/images/painting78.png,View_from_the_Park,17,8,13,https://www.youtube.com/embed/Q4n90jsOUtY
79,https://www.twoinchbrush.com/images/painting79.png,Lake_View,17,9,12,https://www.youtube.com/embed/07acfzBaoa0
80,https://www.twoinchbrush.com/images/painting80.png,Old_Country_Mill,17,10,11,https://www.youtube.com/embed/n8HlFCQACYA
81,https://www.twoinchbrush.com/images/painting81.png,Morning_Walk,17,11,12,https://www.youtube.com/embed/pSvgNkQdR2Y
82,https://www.twoinchbrush.com/images/painting82.png,Nature's_Splendor,17,12,13,https://www.youtube.com/embed/uCAtI2IwEwk
83,https://www.twoinchbrush.com/images/painting83.png,Mountain_Beauty,17,13,11,https://www.youtube.com/embed/8P-YeoTmVrw
58,https://www.twoinchbrush.com/images/painting58.png,Half-Oval_Vignette,18,1,12,https://www.youtube.com/embed/uY3fIry2tOE
59,https://www.twoinchbrush.com/images/painting59.png,Absolutely_Autumn,18,2,11,https://www.youtube.com/embed/PGPVpil2UmE
60,https://www.twoinchbrush.com/images/painting60.png,Mountain_Seclusion,18,3,10,https://www.youtube.com/embed/EBZKuVbRY54
61,https://www.twoinchbrush.com/images/painting61.png,Crimson_Oval,18,4,12,https://www.youtube.com/embed/R7Y3izMFPbM
62,https://www.twoinchbrush.com/images/painting62.png,Autumn_Exhibition,18,5,11,https://www.youtube.com/embed/6afHY2d9Lv8
63,https://www.twoinchbrush.com/images/painting63.png,Majestic_Peaks,18,6,13,https://www.youtube.com/embed/lilbzLCNnDo
64,https://www.twoinchbrush.com/images/painting64.png,Golden_Morning_Mist,18,7,12,https://www.youtube.com/embed/rCHXqj4DHlM
65,https://www.twoinchbrush.com/images/painting65.png,Winter_Lace,18,8,8,https://www.youtube.com/embed/WJF_qoQRPck
66,https://www.twoinchbrush.com/images/painting66.png,Seascape_Fantasy,18,9,11,https://www.youtube.com/embed/sBBBilrDuSw
67,https://www.twoinchbrush.com/images/painting67.png,Double_Oval_Stream,18,10,13,https://www.youtube.com/embed/rRjnHdr9DmU
68,https://www.twoinchbrush.com/images/painting68.png,Enchanted_Forest,18,11,12,https://www.youtube.com/embed/ikR7UT9mVBw
69,https://www.twoinchbrush.com/images/painting69.png,Southwest_Serenity,18,12,10,https://www.youtube.com/embed/EVfPPJ5FUmA
70,https://www.twoinchbrush.com/images/painting70.png,Rippling_Waters,18,13,12,https://www.youtube.com/embed/XvnJBynSiT0
44,https://www.twoinchbrush.com/images/painting44.png,Snowfall_Magic,19,1,10,https://www.youtube.com/embed/1enWTsRi16o
45,https://www.twoinchbrush.com/images/painting45.png,Quiet_Mountain_Lake,19,2,14,https://www.youtube.com/embed/2gq2V6dCt2I
46,https://www.twoinchbrush.com/images/painting46.png,Final_Embers_of_Sunlight,19,3,12,https://www.youtube.com/embed/IeFbdk36MUU
47,https://www.twoinchbrush.com/images/painting47.png,Snowy_Morn,19,4,7,https://www.youtube.com/embed/iB1TDWlo0kk
48,https://www.twoinchbrush.com/images/painting48.png,Camper's_Haven,19,5,11,https://www.youtube.com/embed/C34WAUgkAT0
49,https://www.twoinchbrush.com/images/painting49.png,Waterfall_in_the_Woods,19,6,14,https://www.youtube.com/embed/uBRKVa7sy1Q
50,https://www.twoinchbrush.com/images/painting50.png,Covered_Bridge_Oval,19,7,10,https://www.youtube.com/embed/F4iPbH1OHsQ
51,https://www.twoinchbrush.com/images/painting51.png,Scenic_Seclusion,19,8,13,https://www.youtube.com/embed/d50HkqB9JEM
52,https://www.twoinchbrush.com/images/painting52.png,Ebb_Tide,19,9,10,https://www.youtube.com/embed/mFOna_LN7Ys
53,https://www.twoinchbrush.com/images/painting53.png,After_the_Rain,19,10,12,https://www.youtube.com/embed/Wj-3ct7RvAI
54,https://www.twoinchbrush.com/images/painting54.png,Winter_Elegance,19,11,9,https://www.youtube.com/embed/JjBZzKp_u5E
56,https://www.twoinchbrush.com/images/painting56.png,Evening's_Peace,19,12,10,https://www.youtube.com/embed/uEUMVwc4o5U
57,https://www.twoinchbrush.com/images/painting57.png,Valley_of_Tranquility,19,13,13,https://www.youtube.com/embed/FnY7jDY5PsE
31,https://www.twoinchbrush.com/images/painting31.png,Mystic_Mountain,20,1,12,https://www.youtube.com/embed/VlucWfTUo1A
32,https://www.twoinchbrush.com/images/painting32.png,New_Day's_Dawn,20,2,12,https://www.youtube.com/embed/vbPdQ0w8ylg
33,https://www.twoinchbrush.com/images/painting33.png,Winter_in_Pastel,20,3,9,https://www.youtube.com/embed/kbnXZRNMouM
34,https://www.twoinchbrush.com/images/painting34.png,Hazy_Day,20,4,11,https://www.youtube.com/embed/5U3G61r35Mc
35,https://www.twoinchbrush.com/images/painting35.png,Divine_Elegance,20,5,12,https://www.youtube.com/embed/mb-Gwx1S5Gs
36,https://www.twoinchbrush.com/images/painting36.png,Cliffside,20,6,12,https://www.youtube.com/embed/p6Uy2qOLvGk
37,https://www.twoinchbrush.com/images/painting37.png,Autumn_Fantasy,20,7,11,https://www.youtube.com/embed/FozIp7Va7dY
38,https://www.twoinchbrush.com/images/painting38.png,The_Old_Oak_Tree,20,8,13,https://www.youtube.com/embed/dN4HjAn8p5U
39,https://www.twoinchbrush.com/images/painting39.png,Winter_Paradise,20,9,6,https://www.youtube.com/embed/DY1aBv8Z1SQ
40,https://www.twoinchbrush.com/images/painting40.png,Days_Gone_By,20,10,12,https://www.youtube.com/embed/DmYhNHVIdMI
41,https://www.twoinchbrush.com/images/painting41.png,Change_of_Seasons,20,11,12,https://www.youtube.com/embed/QbgPu5f2Vf8
42,https://www.twoinchbrush.com/images/painting42.png,Hidden_Delight,20,12,11,https://www.youtube.com/embed/ZyPNzDaaDt8
43,https://www.twoinchbrush.com/images/painting43.png,Double_Take,20,13,13,https://www.youtube.com/embed/ppzFgG2K2k4
17,https://www.twoinchbrush.com/images/painting17.png,Valley_View,21,1,13,https://www.youtube.com/embed/pw5ETGiiBRg
18,https://www.twoinchbrush.com/images/painting18.png,Tranquil_Dawn,21,2,10,https://www.youtube.com/embed/4abDq6Q-mlM
19,https://www.twoinchbrush.com/images/painting19.png,Royal_Majesty,21,3,14,https://www.youtube.com/embed/ubUXBqE6t0U
20,https://www.twoinchbrush.com/images/painting20.png,Serenity,21,4,12,https://www.youtube.com/embed/crqmO3qDdco
21,https://www.twoinchbrush.com/images/painting21.png,Cabin_at_Trails_End,21,5,13,https://www.youtube.com/embed/GLkLO4KqTRs
22,https://www.twoinchbrush.com/images/painting22.png,Mountain_Rhapsody,21,6,8,https://www.youtube.com/embed/H4VsmKU5T7g
23,https://www.twoinchbrush.com/images/painting23.png,Wilderness_Cabin,21,7,14,https://www.youtube.com/embed/GWehiacnd1E
24,https://www.twoinchbrush.com/images/painting24.png,By_the_Sea,21,8,13,https://www.youtube.com/embed/8tHHBTK6wwc
25,https://www.twoinchbrush.com/images/painting25.png,Indian_Summer,21,9,13,https://www.youtube.com/embed/pfWV8NkotvU
27,https://www.twoinchbrush.com/images/painting27.png,Blue_Winter,21,10,3,https://www.youtube.com/embed/liR0gS0sZY0
28,https://www.twoinchbrush.com/images/painting28.png,Desert_Glow,21,11,9,https://www.youtube.com/embed/QyncJfL_HmU
29,https://www.twoinchbrush.com/images/painting29.png,Lone_Mountain,21,12,13,https://www.youtube.com/embed/NJbzIftLLmU
30,https://www.twoinchbrush.com/images/painting30.png,Florida's_Glory,21,13,11,https://www.youtube.com/embed/HQC5sPN9Xhc
14,https://www.twoinchbrush.com/images/painting14.png,Autumn_Images,22,1,11,https://www.youtube.com/embed/HMx34Am6RFg
15,https://www.twoinchbrush.com/images/painting15.png,Hint_of_Springtime,22,2,13,https://www.youtube.com/embed/C-OSaHvt8ms
16,https://www.twoinchbrush.com/images/painting16.png,Around_the_Bend,22,3,14,https://www.youtube.com/embed/Kl5X3icOVvw
4,https://www.twoinchbrush.com/images/painting4.png,Countryside_Oval,22,4,12,https://www.youtube.com/embed/hdNH5axK4u0
5,https://www.twoinchbrush.com/images/painting5.png,Russet_Winter,22,5,9,https://www.youtube.com/embed/aE4nID1p-t0
6,https://www.twoinchbrush.com/images/painting6.png,Purple_Haze,22,6,11,https://www.youtube.com/embed/ZoJ2tcXWb7g
7,https://www.twoinchbrush.com/images/painting7.png,Dimensions,22,7,12,https://www.youtube.com/embed/JUuP75RVZDI
8,https://www.twoinchbrush.com/images/painting8.png,Deep_Wilderness_Home,22,8,12,https://www.youtube.com/embed/uZWNvDFfbUk
9,https://www.twoinchbrush.com/images/painting9.png,Haven_in_the_Valley,22,9,13,https://www.youtube.com/embed/Qccgam514ds
10,https://www.twoinchbrush.com/images/painting10.png,Wintertime_Blues,22,10,7,https://www.youtube.com/embed/dbMJVM4iL2Q
11,https://www.twoinchbrush.com/images/painting11.png,Pastel_Seascape,22,11,11,https://www.youtube.com/embed/K4aud_SpFDQ
12,https://www.twoinchbrush.com/images/painting12.png,Country_Creek,22,12,13,https://www.youtube.com/embed/JDa6JPcqy88
13,https://www.twoinchbrush.com/images/painting13.png,Silent_Forest,22,13,13,https://www.youtube.com/embed/AE1GKcL3NuI
295,https://www.twoinchbrush.com/images/painting295.png,Frosty_Winter_Morn,23,1,8,https://www.youtube.com/embed/1-9_enMBquw
296,https://www.twoinchbrush.com/images/painting296.png,Forest_Edge,23,2,12,https://www.youtube.com/embed/puGk2iFvvp0
297,https://www.twoinchbrush.com/images/painting297.png,Mountain_Ridge_Lake,23,3,12,https://www.youtube.com/embed/Hq-z06i6HCs
298,https://www.twoinchbrush.com/images/painting298.png,Reflections_of_Gold,23,4,10,https://www.youtube.com/embed/8f9CCnqJ_1Y
299,https://www.twoinchbrush.com/images/painting299.png,Quiet_Cove,23,5,11,https://www.youtube.com/embed/cR9hTbSomx4
300,https://www.twoinchbrush.com/images/painting300.png,Rivers_Peace,23,6,13,https://www.youtube.com/embed/flCWS9LB4Ks
301,https://www.twoinchbrush.com/images/painting301.png,At_Dawn's_Light,23,7,9,https://www.youtube.com/embed/HFdTxqEznIk
302,https://www.twoinchbrush.com/images/painting302.png,Valley_Waterfall,23,8,15,https://www.youtube.com/embed/VYcsYzzRae4
303,https://www.twoinchbrush.com/images/painting303.png,Toward_Days_End,23,9,13,https://www.youtube.com/embed/cFi_fJl40BA
304,https://www.twoinchbrush.com/images/painting304.png,Falls_in_the_Glen,23,10,14,https://www.youtube.com/embed/txAtX-VyVNc
305,https://www.twoinchbrush.com/images/painting305.png,Frozen_Beauty_in_Vignette,23,11,9,https://www.youtube.com/embed/H15kV1wbDG4
306,https://www.twoinchbrush.com/images/painting306.png,Crimson_Tide,23,12,8,https://www.youtube.com/embed/Y7SDU4i6Fco
307,https://www.twoinchbrush.com/images/painting307.png,Winter_Bliss,23,13,7,https://www.youtube.com/embed/yInYwy6AsDQ
308,https://www.twoinchbrush.com/images/painting308.png,Gray_Mountain,24,1,13,https://www.youtube.com/embed/4XxClvPZ1RE
309,https://www.twoinchbrush.com/images/painting309.png,Wayside_Pond,24,2,11,https://www.youtube.com/embed/FPW2FwK4IOo
310,https://www.twoinchbrush.com/images/painting310.png,Teton_Winter,24,3,6,https://www.youtube.com/embed/I4h6TC4CPJY
311,https://www.twoinchbrush.com/images/painting311.png,Little_Home_in_the_Meadow,24,4,12,https://www.youtube.com/embed/nU1zV93N-kI
312,https://www.twoinchbrush.com/images/painting312.png,A_Pretty_Autumn_Day,24,5,13,https://www.youtube.com/embed/HWedDS3p7XI
313,https://www.twoinchbrush.com/images/painting313.png,Mirrored_Images,24,6,12,https://www.youtube.com/embed/i29frkR1T98
314,https://www.twoinchbrush.com/images/painting314.png,Back-Country_Path,24,7,11,https://www.youtube.com/embed/2iNMoQB1Pe8
315,https://www.twoinchbrush.com/images/painting315.png,Graceful_Waterfall,24,8,15,https://www.youtube.com/embed/fBh1nA4pMDY
316,https://www.twoinchbrush.com/images/painting316.png,Icy_Lake,24,9,11,https://www.youtube.com/embed/AmBDmgta3l4
317,https://www.twoinchbrush.com/images/painting317.png,Rowboat_on_the_Beach,24,10,8,https://www.youtube.com/embed/hfvhXOvg43w
318,https://www.twoinchbrush.com/images/painting318.png,Portrait_of_Winter,24,11,5,https://www.youtube.com/embed/JLnIUGOupOA
319,https://www.twoinchbrush.com/images/painting319.png,The_Footbridge,24,12,13,https://www.youtube.com/embed/RqtDliGeyTg
320,https://www.twoinchbrush.com/images/painting320.png,Snowbound_Cabin,24,13,8,https://www.youtube.com/embed/obSLZWXmDak
321,https://www.twoinchbrush.com/images/painting321.png,Hide_A_Way_Cove,25,1,13,https://www.youtube.com/embed/l_HqMYquc08
322,https://www.twoinchbrush.com/images/painting322.png,Enchanted_Falls_Oval,25,2,6,https://www.youtube.com/embed/HklPkQ0lSKA
323,https://www.twoinchbrush.com/images/painting323.png,Not_Quite_Spring,25,3,9,https://www.youtube.com/embed/N_u6x7LeyTM
324,https://www.twoinchbrush.com/images/painting324.png,Splashes_of_Autumn,25,4,14,https://www.youtube.com/embed/YcbaMqq_X8s
325,https://www.twoinchbrush.com/images/painting325.png,Summer_in_the_Mountain,25,5,11,https://www.youtube.com/embed/gmCXgS38NDc
326,https://www.twoinchbrush.com/images/painting326.png,Oriental_Falls,25,6,11,https://www.youtube.com/embed/v8Znj8bbmCQ
327,https://www.twoinchbrush.com/images/painting327.png,Autumn_Palette,25,7,13,https://www.youtube.com/embed/HWrvW-NgaOY
328,https://www.twoinchbrush.com/images/painting328.png,Cypress_Swamp,25,8,12,https://www.youtube.com/embed/FdIUHudQABI
329,https://www.twoinchbrush.com/images/painting329.png,Downstream_View,25,9,14,https://www.youtube.com/embed/KsDPg5HZYNw
330,https://www.twoinchbrush.com/images/painting330.png,Just_Before_the_Storm,25,10,8,https://www.youtube.com/embed/Rh-jKrMrmOA
331,https://www.twoinchbrush.com/images/painting331.png,Fisherman's_Paradise,25,11,12,https://www.youtube.com/embed/uJLK85uU5mA
332,https://www.twoinchbrush.com/images/painting332.png,Desert_Hues,25,12,11,https://www.youtube.com/embed/UUNNXGVNTuI
333,https://www.twoinchbrush.com/images/painting333.png,The_Property_Line,25,13,11,https://www.youtube.com/embed/ivesI3rU7dU
334,https://www.twoinchbrush.com/images/painting334.png,In_the_Stillness_of_Morning,26,1,10,https://www.youtube.com/embed/5rfGa1_iJpw
335,https://www.twoinchbrush.com/images/painting335.png,Delightful_Meadow_Home,26,2,9,https://www.youtube.com/embed/tWoInh2USOs
336,https://www.twoinchbrush.com/images/painting336.png,First_Snow,26,3,12,https://www.youtube.com/embed/raAkJKeo0Sk
337,https://www.twoinchbrush.com/images/painting337.png,Lake_in_the_Valley,26,4,15,https://www.youtube.com/embed/KvJmSrErm20
338,https://www.twoinchbrush.com/images/painting338.png,A_Trace_of_Spring,26,5,13,https://www.youtube.com/embed/JMPwj3u4ZTA
339,https://www.twoinchbrush.com/images/painting339.png,An_Arctic_Winter_Day,26,6,6,https://www.youtube.com/embed/9BHWlbjd95c
340,https://www.twoinchbrush.com/images/painting340.png,Snow_Birch,26,7,5,https://www.youtube.com/embed/wKeemvioVrM
341,https://www.twoinchbrush.com/images/painting341.png,Early_Autumn,26,8,12,https://www.youtube.com/embed/SLQXlFLoqQc
342,https://www.twoinchbrush.com/images/painting342.png,Tranquil_Wooded_Stream,26,9,12,https://www.youtube.com/embed/lSeRrm5ZK9c
343,https://www.twoinchbrush.com/images/painting343.png,Purple_Mountain_Range,26,10,13,https://www.youtube.com/embed/nkDA_R-XmqA
344,https://www.twoinchbrush.com/images/painting344.png,Storm's_A_Comin,26,11,10,https://www.youtube.com/embed/EHD9u-lo2wc
345,https://www.twoinchbrush.com/images/painting345.png,Sunset_Aglow,26,12,12,https://www.youtube.com/embed/gMEZp47VKC0
346,https://www.twoinchbrush.com/images/painting346.png,Evening_at_the_Falls,26,13,7,https://www.youtube.com/embed/RulXVcpgpqw
347,https://www.twoinchbrush.com/images/painting347.png,Twilight_Beauty,27,1,11,https://www.youtube.com/embed/0mJqzzeWyXs
348,https://www.twoinchbrush.com/images/painting348.png,Angler's_Haven,27,2,15,https://www.youtube.com/embed/XlwfcXZ0AIU
349,https://www.twoinchbrush.com/images/painting349.png,Rustic_Winter_Woods,27,3,6,https://www.youtube.com/embed/3q8Zi9480lw
350,https://www.twoinchbrush.com/images/painting350.png,Wilderness_Falls,27,4,15,https://www.youtube.com/embed/gxd0MPX8c6I
351,https://www.twoinchbrush.com/images/painting351.png,Winter_at_the_Farm,27,5,7,https://www.youtube.com/embed/LeIVNKnWz7o
352,https://www.twoinchbrush.com/images/painting352.png,Daisies_at_Dawn,27,6,8,https://www.youtube.com/embed/_kkZcIgocBM
353,https://www.twoinchbrush.com/images/painting353.png,A_Spectacular_View,27,7,11,https://www.youtube.com/embed/7R9HcaDT9P4
354,https://www.twoinchbrush.com/images/painting354.png,Daybreak,27,8,7,https://www.youtube.com/embed/crWDcTvDmec
355,https://www.twoinchbrush.com/images/painting355.png,Island_Paradise,27,9,12,https://www.youtube.com/embed/Cg3XAVhAas0
356,https://www.twoinchbrush.com/images/painting356.png,Sunlight_in_the_Shadows,27,10,7,https://www.youtube.com/embed/xgjQ0v2d9mE
357,https://www.twoinchbrush.com/images/painting357.png,Splendor_of_a_Snowy_Winter,27,11,9,https://www.youtube.com/embed/JdXCoxkOdwQ
358,https://www.twoinchbrush.com/images/painting358.png,Forest_River,27,12,14,https://www.youtube.com/embed/wrbGlR22K0Q
359,https://www.twoinchbrush.com/images/painting359.png,Golden_Glow_of_Morning,27,13,9,https://www.youtube.com/embed/qXElmiqzcI0
360,https://www.twoinchbrush.com/images/painting360.png,Fisherman's_Trail,28,1,12,https://www.youtube.com/embed/VnZEpic2UzU
361,https://www.twoinchbrush.com/images/painting361.png,A_Warm_Winter,28,2,9,https://www.youtube.com/embed/_TTdw3YnXuo
362,https://www.twoinchbrush.com/images/painting362.png,Under_Pastel_Skies,28,3,12,https://www.youtube.com/embed/lzODyJS2ZIg
363,https://www.twoinchbrush.com/images/painting363.png,Golden_Rays_of_Sunshine,28,4,8,https://www.youtube.com/embed/zxj3xLDNxo0
364,https://www.twoinchbrush.com/images/painting364.png,The_Magic_of_Fall,28,5,10,https://www.youtube.com/embed/bSm3fmEyJ20
365,https://www.twoinchbrush.com/images/painting365.png,Glacier_Lake,28,6,12,https://www.youtube.com/embed/TohG7F8M3Ls
366,https://www.twoinchbrush.com/images/painting366.png,The_Old_Weathered_Barn,28,7,9,https://www.youtube.com/embed/NYUIIBFj0iQ
367,https://www.twoinchbrush.com/images/painting367.png,Deep_Forest_Falls,28,8,13,https://www.youtube.com/embed/urHQRbRNuYI
368,https://www.twoinchbrush.com/images/painting368.png,Winter's_Grace,28,9,4,https://www.youtube.com/embed/mxJ2On9wyvY
369,https://www.twoinchbrush.com/images/painting369.png,Splendor_of_Autumn,28,10,11,https://www.youtube.com/embed/hEyR2FDp-00
370,https://www.twoinchbrush.com/images/painting370.png,Tranquil_Seas,28,11,11,https://www.youtube.com/embed/kN1DP_yqs-A
371,https://www.twoinchbrush.com/images/painting371.png,Mountain_Serenity,28,12,13,https://www.youtube.com/embed/wc_YVijYjT4
372,https://www.twoinchbrush.com/images/painting372.png,Home_Before_Nightfall,28,13,8,https://www.youtube.com/embed/22SiIDvyJeM
373,https://www.twoinchbrush.com/images/painting373.png,Island_in_the_Wilderness,29,1,13,https://www.youtube.com/embed/lLWEXRAnQd0
374,https://www.twoinchbrush.com/images/painting374.png,Autumn_Oval,29,2,10,https://www.youtube.com/embed/2XnIdinwot0
375,https://www.twoinchbrush.com/images/painting375.png,Seasonal_Progression,29,3,13,https://www.youtube.com/embed/T2G5waMfQ-g
376,https://www.twoinchbrush.com/images/painting376.png,Light_at_the_Summit,29,4,14,https://www.youtube.com/embed/HOdS-G8p1KE
377,https://www.twoinchbrush.com/images/painting377.png,Countryside_Barn,29,5,12,https://www.youtube.com/embed/G7Etn7QMeO4
378,https://www.twoinchbrush.com/images/painting378.png,Mountain_Lake_Falls,29,6,9,https://www.youtube.com/embed/dNEp3hoHSDI
379,https://www.twoinchbrush.com/images/painting379.png,Cypress_Creek,29,7,11,https://www.youtube.com/embed/Tnb2cXKKuWM
380,https://www.twoinchbrush.com/images/painting380.png,Trapper's_Cabin,29,8,12,https://www.youtube.com/embed/chhCkmp0RG8
381,https://www.twoinchbrush.com/images/painting381.png,Storm_on_the_Horizon,29,9,9,https://www.youtube.com/embed/pA_2paUhBAQ
382,https://www.twoinchbrush.com/images/painting382.png,Pot_O'_Posies,29,10,6,https://www.youtube.com/embed/2zv_S_uVoVQ
383,https://www.twoinchbrush.com/images/painting383.png,A_Perfect_Winter_Day,29,11,7,https://www.youtube.com/embed/Io4fwhacpEs
384,https://www.twoinchbrush.com/images/painting384.png,Aurora's_Dance,29,12,9,https://www.youtube.com/embed/iRMsb9Vf7GM
385,https://www.twoinchbrush.com/images/painting385.png,Woodman's_Retreat,29,13,12,https://www.youtube.com/embed/ODrV0dfQcNs
386,https://www.twoinchbrush.com/images/painting386.png,Babbling_Brook,30,1,12,https://www.youtube.com/embed/ZHUdS0wEaKk
387,https://www.twoinchbrush.com/images/painting387.png,Woodgrain_View,30,2,13,https://www.youtube.com/embed/fcx1yUuSf3o
388,https://www.twoinchbrush.com/images/painting388.png,Winter's_Peace,30,3,10,https://www.youtube.com/embed/Xzv3iiWi1Wo
389,https://www.twoinchbrush.com/images/painting389.png,Wilderness_Trail,30,4,13,https://www.youtube.com/embed/vGsW_6BCukU
390,https://www.twoinchbrush.com/images/painting390.png,A_Copper_Winter,30,5,13,https://www.youtube.com/embed/BSjee-ond7w
391,https://www.twoinchbrush.com/images/painting391.png,Misty_Foothills,30,6,10,https://www.youtube.com/embed/LEz4UVL7POE
392,https://www.twoinchbrush.com/images/painting392.png,Through_the_Window,30,7,7,https://www.youtube.com/embed/SrN4A9rVXj0
393,https://www.twoinchbrush.com/images/painting393.png,Home_in_the_Valley,30,8,13,https://www.youtube.com/embed/enutOy-nsZk
394,https://www.twoinchbrush.com/images/painting394.png,Mountains_of_Grace,30,9,11,https://www.youtube.com/embed/nXlu_Q0sR7c
395,https://www.twoinchbrush.com/images/painting395.png,Seaside_Harmony,30,10,12,https://www.youtube.com/embed/CY6sGFs209E
396,https://www.twoinchbrush.com/images/painting396.png,A_Cold_Spring_Day,30,11,13,https://www.youtube.com/embed/jq8bIbpW7DQ
397,https://www.twoinchbrush.com/images/painting397.png,Evening's_Glow,30,12,10,https://www.youtube.com/embed/eTEKGOi6SVg
398,https://www.twoinchbrush.com/images/painting398.png,Blue_Ridge_Falls,30,13,12,https://www.youtube.com/embed/fz0YjqtHW84
399,https://www.twoinchbrush.com/images/painting399.png,Reflections_of_Calm,31,1,12,https://www.youtube.com/embed/kJFB6rH3z2A
400,https://www.twoinchbrush.com/images/painting400.png,Before_the_Snowfall,31,2,7,https://www.youtube.com/embed/_MdMhQIOL1Y
401,https://www.twoinchbrush.com/images/painting401.png,Winding_Stream,31,3,13,https://www.youtube.com/embed/QDwd4pMYyuo
402,https://www.twoinchbrush.com/images/painting402.png,Tranquility_Cove,31,4,11,https://www.youtube.com/embed/7t6ue0pEcNE
403,https://www.twoinchbrush.com/images/painting403.png,Cabin_in_the_Hollow,31,5,7,https://www.youtube.com/embed/KYlM2zJnNWY
404,https://www.twoinchbrush.com/images/painting404.png,View_from_Clear_Creek,31,6,13,https://www.youtube.com/embed/TLX1bmS8wBE
405,https://www.twoinchbrush.com/images/painting405.png,Bridge_to_Autumn,31,7,11,https://www.youtube.com/embed/ReENCTH7MYI
406,https://www.twoinchbrush.com/images/painting406.png,Trail's_End,31,8,10,https://www.youtube.com/embed/XWQrP-WiLgc
407,https://www.twoinchbrush.com/images/painting407.png,Evergreen_Valley,31,9,14,https://www.youtube.com/embed/mEU0stNfkxI
408,https://www.twoinchbrush.com/images/painting408.png,Balmy_Beach,31,10,13,https://www.youtube.com/embed/kMgd6r6c4vE
409,https://www.twoinchbrush.com/images/painting409.png,Lake_at_the_Ridge,31,11,12,https://www.youtube.com/embed/8QWvzEQ69Kw
410,https://www.twoinchbrush.com/images/painting410.png,In_the_Midst_of_Winter,31,12,7,https://www.youtube.com/embed/qx2IsmrCs3c
411,https://www.twoinchbrush.com/images/painting411.png,Wilderness_Day,31,13,12,https://www.youtube.com/embed/nJGCVFn57U8
